{
  "schema_version": 1,
  "protocol": "fixed_rate_open_loop",
  "model": "Qwen/Qwen2.5-0.5B",
  "methods": [
    "async_raw",
    "async_cuszp_1e-5"
  ],
  "trials": 5,
  "request_count": 16,
  "runner_environment": {
    "VLLM_USE_V2_MODEL_RUNNER": "0"
  },
  "levels": [
    {
      "offered_requests_per_second": 8.0,
      "status": "complete",
      "aggregate": "data/qwen0.5b_open_loop_arrival_v1/r8/aggregate.json",
      "result": {
        "model": "Qwen/Qwen2.5-0.5B",
        "num_trials": 5,
        "request_count": 16,
        "prompt_repeat": 227,
        "interarrival_ms": 125.0,
        "offered_requests_per_second": 8.0,
        "burst_slo_thresholds_ms": {
          "ttft": 500.0,
          "e2e": 750.0
        },
        "quality_gate_passed": true,
        "methods": {
          "async_raw": {
            "compression_ratio": 1.0,
            "total_handler_ms": 40.03595987500432,
            "achieved_requests_per_second": 7.919880367584574,
            "latency": {
              "count": 80,
              "ttft_ms": {
                "mean": 66.86608493328094,
                "p50": 64.90790843963623,
                "p95": 96.98681831359862,
                "p99": 101.74430608749387,
                "max": 105.57818412780762
              },
              "e2e_ms": {
                "mean": 172.01982239578513,
                "p50": 149.08793259337472,
                "p95": 230.6446695256966,
                "p99": 235.4224090826949,
                "max": 237.38668943974517
              },
              "tpot_ms": {
                "mean": 15.021962494643455,
                "p50": 12.113328785712188,
                "p95": 23.064888835709294,
                "p99": 23.51065640714458,
                "max": 23.678845714292557
              },
              "slo": {
                "ttft_ms": {
                  "threshold_ms": 500.0,
                  "attainment": 1.0,
                  "violations": 0
                },
                "e2e_ms": {
                  "threshold_ms": 750.0,
                  "attainment": 1.0,
                  "violations": 0
                }
              }
            },
            "quality_passed": true
          },
          "async_cuszp_1e-5": {
            "compression_ratio": 1.4820885860805548,
            "total_handler_ms": 29.80950362500181,
            "achieved_requests_per_second": 7.9805464385038185,
            "latency": {
              "count": 80,
              "ttft_ms": {
                "mean": 61.93985641002655,
                "p50": 61.10882759094238,
                "p95": 69.94919776916504,
                "p99": 79.84852075576767,
                "max": 99.39122200012207
              },
              "e2e_ms": {
                "mean": 135.03778862252744,
                "p50": 126.54589779538128,
                "p95": 221.17846838754076,
                "p99": 225.85175070265217,
                "max": 231.69722536374593
              },
              "tpot_ms": {
                "mean": 10.442561744642985,
                "p50": 9.27919292856976,
                "p95": 21.614219442855234,
                "p99": 22.652842364281824,
                "max": 23.012862857139485
              },
              "slo": {
                "ttft_ms": {
                  "threshold_ms": 500.0,
                  "attainment": 1.0,
                  "violations": 0
                },
                "e2e_ms": {
                  "threshold_ms": 750.0,
                  "attainment": 1.0,
                  "violations": 0
                }
              }
            },
            "quality_passed": true,
            "total_handler_vs_raw_ms": {
              "mean": -10.226456250002514,
              "stddev": 0.5040833027297469,
              "ci95_half_width": 0.6258017477368524,
              "trials": [
                -10.600462499994023,
                -10.680372437491314,
                -10.103620937492508,
                -9.422904437499824,
                -10.324920937534898
              ]
            },
            "paired_vs_raw": {
              "compression_ratio": {
                "mean": 0.4820885860805548,
                "stddev": 0.0,
                "ci95_half_width": 0.0,
                "trials": [
                  0.4820885860805548,
                  0.4820885860805548,
                  0.4820885860805548,
                  0.4820885860805548,
                  0.4820885860805548
                ]
              },
              "pcie_contender_gbps": {
                "mean": 0.0,
                "stddev": 0.0,
                "ci95_half_width": 0.0,
                "trials": [
                  0.0,
                  0.0,
                  0.0,
                  0.0,
                  0.0
                ]
              },
              "gpu_to_cpu_ms": {
                "mean": -10.44926555000103,
                "stddev": 0.3154892150960306,
                "ci95_half_width": 0.3916687998393659,
                "trials": [
                  -10.68322724999149,
                  -10.843508812492075,
                  -10.306042812487703,
                  -10.048895812495573,
                  -10.36465306253831
                ]
              },
              "cpu_to_gpu_ms": {
                "mean": 0.2228092999985165,
                "stddev": 0.2343405740926617,
                "ci95_half_width": 0.29092560701513376,
                "trials": [
                  0.08276474999746597,
                  0.16313637500076084,
                  0.2024218749951956,
                  0.6259913749957491,
                  0.039732125003411056
                ]
              },
              "token_match_rate": {
                "mean": 0.0,
                "stddev": 0.0,
                "ci95_half_width": 0.0,
                "trials": [
                  0.0,
                  0.0,
                  0.0,
                  0.0,
                  0.0
                ]
              },
              "exact_match_rate": {
                "mean": 0.0,
                "stddev": 0.0,
                "ci95_half_width": 0.0,
                "trials": [
                  0.0,
                  0.0,
                  0.0,
                  0.0,
                  0.0
                ]
              },
              "initial_e2e_ms": {
                "mean": -36.98203377325768,
                "stddev": 10.333470037265895,
                "ci95_half_width": 12.82864077125438,
                "trials": [
                  -40.895303175688014,
                  -34.120100770358874,
                  -46.29524529721607,
                  -20.32870409732368,
                  -43.27081552570178
                ]
              },
              "replay_e2e_ms": {
                "mean": 3.797733520281099,
                "stddev": 7.1846572450646145,
                "ci95_half_width": 8.919500083624467,
                "trials": [
                  -1.1907473586063588,
                  15.711527262610048,
                  0.7413452868902937,
                  5.241730778251963,
                  -1.5151883677404498
                ]
              },
              "replay_ttft_ms": {
                "mean": 1.6634643077850342,
                "stddev": 2.2525452999625477,
                "ci95_half_width": 2.796456018160843,
                "trials": [
                  -0.18040835857391357,
                  5.049958825111389,
                  1.3103634119033813,
                  2.5845319032669067,
                  -0.4471242427825928
                ]
              },
              "replay_tpot_ms": {
                "mean": 0.30489560178515196,
                "stddev": 0.7158538128477172,
                "ci95_half_width": 0.8887074116088448,