{
  "results": [
    {
      "tensor_size": 4194304,
      "original_size_bytes": 16777216,
      "compressed_size_bytes": 2807260.0,
      "compression_ratio": 5.976366991301126,
      "compression_time_ms": 0.9034769998834236,
      "decompression_time_ms": 0.7290291989193065,
      "compression_bandwidth_GB_s": 18.569610518214386,
      "decompression_bandwidth_GB_s": 23.013091965136784,
      "max_absolute_error": 0.03167719021439552,
      "mean_absolute_error": 0.01582830399274826,
      "error_bound_setting": 0.01
    },
    {
      "tensor_size": 4194304,
      "original_size_bytes": 16777216,
      "compressed_size_bytes": 4509644.0,
      "compression_ratio": 3.720297211930698,
      "compression_time_ms": 0.8059632502408931,
      "decompression_time_ms": 0.4696785503256251,
      "compression_bandwidth_GB_s": 20.81635359302733,
      "decompression_bandwidth_GB_s": 35.72063486477819,
      "max_absolute_error": 0.0031677335500717163,
      "mean_absolute_error": 0.0015835193917155266,
      "error_bound_setting": 0.001
    },
    {
      "tensor_size": 4194304,
      "original_size_bytes": 16777216,
      "compressed_size_bytes": 6249744.0,
      "compression_ratio": 2.6844645156665616,
      "compression_time_ms": 0.7913363509942428,
      "decompression_time_ms": 0.5188488501516986,
      "compression_bandwidth_GB_s": 21.201118814927355,
      "decompression_bandwidth_GB_s": 32.33545953719423,
      "max_absolute_error": 0.00031679868698120117,
      "mean_absolute_error": 0.00015829066978767514,
      "error_bound_setting": 0.0001
    },
    {
      "tensor_size": 4194304,
      "original_size_bytes": 16777216,
      "compressed_size_bytes": 7991840.0,
      "compression_ratio": 2.0992932791447276,
      "compression_time_ms": 0.8090105506198597,
      "decompression_time_ms": 0.5645099996399949,
      "compression_bandwidth_GB_s": 20.737944625252887,
      "decompression_bandwidth_GB_s": 29.719962464259865,
      "max_absolute_error": 3.170967102050781e-05,
      "mean_absolute_error": 1.5833185898372903e-05,
      "error_bound_setting": 1e-05
    }
  ],
  "device": "NVIDIA GeForce RTX 5080",
  "cuda_version": "12.8"
}