{
  "results": [
    {
      "tensor_size": 4194304,
      "original_size_bytes": 16777216,
      "compressed_size_bytes": 2788628.0,
      "compression_ratio": 6.016297620191722,
      "compression_time_ms": 0.7445637999808241,
      "decompression_time_ms": 0.467640599799779,
      "compression_bandwidth_GB_s": 22.532946136290924,
      "decompression_bandwidth_GB_s": 35.87630331323497,
      "max_absolute_error": 0.20594120025634766,
      "mean_absolute_error": 0.1027810126543045,
      "error_bound_setting": 0.01
    },
    {
      "tensor_size": 4194304,
      "original_size_bytes": 16777216,
      "compressed_size_bytes": 4474192.0,
      "compression_ratio": 3.7497756019410877,
      "compression_time_ms": 0.7787565999933577,
      "decompression_time_ms": 0.5123155500768917,
      "compression_bandwidth_GB_s": 21.543593980639265,
      "decompression_bandwidth_GB_s": 32.74781723389416,
      "max_absolute_error": 0.020594120025634766,
      "mean_absolute_error": 0.010311746038496494,
      "error_bound_setting": 0.001
    },
    {
      "tensor_size": 4194304,
      "original_size_bytes": 16777216,
      "compressed_size_bytes": 6232256.0,
      "compression_ratio": 2.691997247866583,
      "compression_time_ms": 0.7593387500492099,
      "decompression_time_ms": 0.4963082001268049,
      "compression_bandwidth_GB_s": 22.094507884541294,
      "decompression_bandwidth_GB_s": 33.80402740819814,
      "max_absolute_error": 0.002059459686279297,
      "mean_absolute_error": 0.0010289628989994526,
      "error_bound_setting": 0.0001
    },
    {
      "tensor_size": 4194304,
      "original_size_bytes": 16777216,
      "compressed_size_bytes": 7981516.0,
      "compression_ratio": 2.102008691080742,
      "compression_time_ms": 0.8088612996289157,
      "decompression_time_ms": 0.6433413498598384,
      "compression_bandwidth_GB_s": 20.74177118833222,
      "decompression_bandwidth_GB_s": 26.078249134235147,
      "max_absolute_error": 0.00020623207092285156,
      "mean_absolute_error": 0.00010287351324222982,
      "error_bound_setting": 1e-05
    }
  ],
  "device": "NVIDIA GeForce RTX 5080",
  "cuda_version": "12.8"
}