{
  "results": [
    {
      "tensor_size": 4194304,
      "original_size_bytes": 16777216,
      "compressed_size_bytes": 3668724.0,
      "compression_ratio": 4.573038473322059,
      "compression_time_ms": 0.816908100296132,
      "decompression_time_ms": 0.5009790998883545,
      "compression_bandwidth_GB_s": 20.5374582452031,
      "decompression_bandwidth_GB_s": 33.4888541333139,
      "max_absolute_error": 2.520322799682617,
      "mean_absolute_error": 1.0239402055740356,
      "error_bound_setting": 0.01
    },
    {
      "tensor_size": 4194304,
      "original_size_bytes": 16777216,
      "compressed_size_bytes": 5241588.0,
      "compression_ratio": 3.2007887685945557,
      "compression_time_ms": 0.7284416499715007,
      "decompression_time_ms": 0.44654445027845213,
      "compression_bandwidth_GB_s": 23.031653943258718,
      "decompression_bandwidth_GB_s": 37.57121153233058,
      "max_absolute_error": 0.2520275115966797,
      "mean_absolute_error": 0.12671855092048645,
      "error_bound_setting": 0.001
    },
    {
      "tensor_size": 4194304,
      "original_size_bytes": 16777216,
      "compressed_size_bytes": 6944232.0,
      "compression_ratio": 2.415993014058286,
      "compression_time_ms": 1.0444923502291203,
      "decompression_time_ms": 0.7299271999727353,
      "compression_bandwidth_GB_s": 16.062555169810235,
      "decompression_bandwidth_GB_s": 22.984779852876663,
      "max_absolute_error": 0.02520275115966797,
      "mean_absolute_error": 0.012614762410521507,
      "error_bound_setting": 0.0001
    },
    {
      "tensor_size": 4194304,
      "original_size_bytes": 16777216,
      "compressed_size_bytes": 8911604.0,
      "compression_ratio": 1.8826258437874932,
      "compression_time_ms": 0.8545433001017955,
      "decompression_time_ms": 0.6614442001591669,
      "compression_bandwidth_GB_s": 19.632961838213998,
      "decompression_bandwidth_GB_s": 25.364522050329875,
      "max_absolute_error": 0.00252532958984375,
      "mean_absolute_error": 0.0012577017769217491,
      "error_bound_setting": 1e-05
    }
  ],
  "device": "NVIDIA GeForce RTX 5080",
  "cuda_version": "12.8"
}