{
  "results": [
    {
      "tensor_size": 4194304,
      "original_size_bytes": 16777216,
      "compressed_size_bytes": 2613096.0,
      "compression_ratio": 6.420436141649599,
      "compression_time_ms": 0.7306655495995074,
      "decompression_time_ms": 0.48460599973623175,
      "compression_bandwidth_GB_s": 22.96155335255088,
      "decompression_bandwidth_GB_s": 34.620322507628345,
      "max_absolute_error": 0.2564125061035156,
      "mean_absolute_error": 0.12798428535461426,
      "error_bound_setting": 0.01
    },
    {
      "tensor_size": 4194304,
      "original_size_bytes": 16777216,
      "compressed_size_bytes": 4289892.0,
      "compression_ratio": 3.9108714158771365,
      "compression_time_ms": 0.8235423998485203,
      "decompression_time_ms": 0.5587396499322494,
      "compression_bandwidth_GB_s": 20.37201242229416,
      "decompression_bandwidth_GB_s": 30.026893566680542,
      "max_absolute_error": 0.02564096450805664,
      "mean_absolute_error": 0.012909535318613052,
      "error_bound_setting": 0.001
    },
    {
      "tensor_size": 4194304,
      "original_size_bytes": 16777216,
      "compressed_size_bytes": 6017300.0,
      "compression_ratio": 2.7881634620178484,
      "compression_time_ms": 0.8796426001936197,
      "decompression_time_ms": 0.5847218499184237,
      "compression_bandwidth_GB_s": 19.072764320767476,
      "decompression_bandwidth_GB_s": 28.69264420739646,
      "max_absolute_error": 0.0025644302368164062,
      "mean_absolute_error": 0.001289971056394279,
      "error_bound_setting": 0.0001
    },
    {
      "tensor_size": 4194304,
      "original_size_bytes": 16777216,
      "compressed_size_bytes": 7781828.0,
      "compression_ratio": 2.155947934084382,
      "compression_time_ms": 0.8737330997973913,
      "decompression_time_ms": 0.6301303001237102,
      "compression_bandwidth_GB_s": 19.201763105793344,
      "decompression_bandwidth_GB_s": 26.624994856946596,
      "max_absolute_error": 0.0002574920654296875,
      "mean_absolute_error": 0.00012847859761677682,
      "error_bound_setting": 1e-05
    }
  ],
  "device": "NVIDIA GeForce RTX 5080",
  "cuda_version": "12.8"
}