{
  "results": [
    {
      "tensor_size": 4194304,
      "original_size_bytes": 16777216,
      "compressed_size_bytes": 2920944.0,
      "compression_ratio": 5.74376502938776,
      "compression_time_ms": 0.8779141995546524,
      "decompression_time_ms": 0.5954189000476617,
      "compression_bandwidth_GB_s": 19.110313978872576,
      "decompression_bandwidth_GB_s": 28.177164007822103,
      "max_absolute_error": 0.12742307782173157,
      "mean_absolute_error": 0.06371329724788666,
      "error_bound_setting": 0.01
    },
    {
      "tensor_size": 4194304,
      "original_size_bytes": 16777216,
      "compressed_size_bytes": 4640892.0,
      "compression_ratio": 3.615084341544686,
      "compression_time_ms": 0.8125391495923395,
      "decompression_time_ms": 0.5391984999732813,
      "compression_bandwidth_GB_s": 20.64788633066767,
      "decompression_bandwidth_GB_s": 31.115101397409962,
      "max_absolute_error": 0.012742400169372559,
      "mean_absolute_error": 0.006375973112881184,
      "error_bound_setting": 0.001
    },
    {
      "tensor_size": 4194304,
      "original_size_bytes": 16777216,
      "compressed_size_bytes": 6382656.0,
      "compression_ratio": 2.6285634068325163,
      "compression_time_ms": 1.0523228000238305,
      "decompression_time_ms": 0.7325436006794916,
      "compression_bandwidth_GB_s": 15.94303192862501,
      "decompression_bandwidth_GB_s": 22.90268590762081,
      "max_absolute_error": 0.0012743473052978516,
      "mean_absolute_error": 0.000637273071333766,
      "error_bound_setting": 0.0001
    },
    {
      "tensor_size": 4194304,
      "original_size_bytes": 16777216,
      "compressed_size_bytes": 8119556.0,
      "compression_ratio": 2.066272589289365,
      "compression_time_ms": 0.9427674500329886,
      "decompression_time_ms": 0.6137868997029727,
      "compression_bandwidth_GB_s": 17.795709853382128,
      "decompression_bandwidth_GB_s": 27.333942787177318,
      "max_absolute_error": 0.0001277923583984375,
      "mean_absolute_error": 6.37172197457403e-05,
      "error_bound_setting": 1e-05
    }
  ],
  "device": "NVIDIA GeForce RTX 5080",
  "cuda_version": "12.8"
}