{
  "results": [
    {
      "tensor_size": 4194304,
      "original_size_bytes": 16777216,
      "compressed_size_bytes": 2034116.0,
      "compression_ratio": 8.247915064824229,
      "compression_time_ms": 0.772839849923912,
      "decompression_time_ms": 0.4707001995484461,
      "compression_bandwidth_GB_s": 21.70852861902988,
      "decompression_bandwidth_GB_s": 35.64310364876578,
      "max_absolute_error": 6.073629379272461,
      "mean_absolute_error": 1.592545986175537,
      "error_bound_setting": 0.01
    },
    {
      "tensor_size": 4194304,
      "original_size_bytes": 16777216,
      "compressed_size_bytes": 3802040.0,
      "compression_ratio": 4.412687925429506,
      "compression_time_ms": 0.8674870503455168,
      "decompression_time_ms": 0.6028894498740556,
      "compression_bandwidth_GB_s": 19.34001895857431,
      "decompression_bandwidth_GB_s": 27.828013914499223,
      "max_absolute_error": 0.6073760986328125,
      "mean_absolute_error": 0.30713433027267456,
      "error_bound_setting": 0.001
    },
    {
      "tensor_size": 4194304,
      "original_size_bytes": 16777216,
      "compressed_size_bytes": 5476940.0,
      "compression_ratio": 3.063246265250304,
      "compression_time_ms": 0.8094376002190984,
      "decompression_time_ms": 0.5547787002797122,
      "compression_bandwidth_GB_s": 20.727003533637117,
      "decompression_bandwidth_GB_s": 30.241276371174934,
      "max_absolute_error": 0.060760498046875,
      "mean_absolute_error": 0.03050585836172104,
      "error_bound_setting": 0.0001
    },
    {
      "tensor_size": 4194304,
      "original_size_bytes": 16777216,
      "compressed_size_bytes": 7294672.0,
      "compression_ratio": 2.2999273990660583,
      "compression_time_ms": 0.8249366999734775,
      "decompression_time_ms": 0.5761919497672352,
      "compression_bandwidth_GB_s": 20.337579841628337,
      "decompression_bandwidth_GB_s": 29.11740784781444,
      "max_absolute_error": 0.006076812744140625,
      "mean_absolute_error": 0.0030326806008815765,
      "error_bound_setting": 1e-05
    }
  ],
  "device": "NVIDIA GeForce RTX 5080",
  "cuda_version": "12.8"
}